{
  "type": "FeatureCollection",
  "features": [
    {"type":"Feature","properties":{"id":"CITY_TOKYO","name":"Tokyo","kind":"city","country":"Japan","iso3":"JPN","rank":1},"geometry":{"type":"Point","coordinates":[139.6917,35.6895]}},
    {"type":"Feature","properties":{"id":"CITY_DELHI","name":"Delhi","kind":"city","country":"India","iso3":"IND","rank":2},"geometry":{"type":"Point","coordinates":[77.209,28.6139]}},
    {"type":"Feature","properties":{"id":"CITY_SHANGHAI","name":"Shanghai","kind":"city","country":"China","iso3":"CHN","rank":3},"geometry":{"type":"Point","coordinates":[121.4737,31.2304]}},
    {"type":"Feature","properties":{"id":"CITY_BEIJING","name":"Beijing","kind":"city","country":"China","iso3":"CHN","rank":4},"geometry":{"type":"Point","coordinates":[116.4074,39.9042]}},
    {"type":"Feature","properties":{"id":"CITY_MUMBAI","name":"Mumbai","kind":"city","country":"India","iso3":"IND","rank":5},"geometry":{"type":"Point","coordinates":[72.8777,19.076]}},
    {"type":"Feature","properties":{"id":"CITY_DHAKA","name":"Dhaka","kind":"city","country":"Bangladesh","iso3":"BGD","rank":6},"geometry":{"type":"Point","coordinates":[90.4125,23.8103]}},
    {"type":"Feature","properties":{"id":"CITY_KARACHI","name":"Karachi","kind":"city","country":"Pakistan","iso3":"PAK","rank":7},"geometry":{"type":"Point","coordinates":[67.0099,24.8615]}},
    {"type":"Feature","properties":{"id":"CITY_KOLKATA","name":"Kolkata","kind":"city","country":"India","iso3":"IND","rank":8},"geometry":{"type":"Point","coordinates":[88.3639,22.5726]}},
    {"type":"Feature","properties":{"id":"CITY_CHONGQING","name":"Chongqing","kind":"city","country":"China","iso3":"CHN","rank":9},"geometry":{"type":"Point","coordinates":[106.5516,29.563]}},
    {"type":"Feature","properties":{"id":"CITY_JAKARTA","name":"Jakarta","kind":"city","country":"Indonesia","iso3":"IDN","rank":10},"geometry":{"type":"Point","coordinates":[106.8456,-6.2088]}},
    {"type":"Feature","properties":{"id":"CITY_MANILA","name":"Manila","kind":"city","country":"Philippines","iso3":"PHL","rank":11},"geometry":{"type":"Point","coordinates":[120.9842,14.5995]}},
    {"type":"Feature","properties":{"id":"CITY_SEOUL","name":"Seoul","kind":"city","country":"Korea, Rep.","iso3":"KOR","rank":12},"geometry":{"type":"Point","coordinates":[126.978,37.5665]}},
    {"type":"Feature","properties":{"id":"CITY_BANGKOK","name":"Bangkok","kind":"city","country":"Thailand","iso3":"THA","rank":13},"geometry":{"type":"Point","coordinates":[100.5018,13.7563]}},
    {"type":"Feature","properties":{"id":"CITY_HO_CHI_MINH","name":"Ho Chi Minh City","kind":"city","country":"Vietnam","iso3":"VNM","rank":14},"geometry":{"type":"Point","coordinates":[106.6297,10.8231]}},
    {"type":"Feature","properties":{"id":"CITY_SINGAPORE","name":"Singapore","kind":"city","country":"Singapore","iso3":"SGP","rank":15},"geometry":{"type":"Point","coordinates":[103.8198,1.3521]}},
    {"type":"Feature","properties":{"id":"CITY_KUALA_LUMPUR","name":"Kuala Lumpur","kind":"city","country":"Malaysia","iso3":"MYS","rank":16},"geometry":{"type":"Point","coordinates":[101.6869,3.139]}},
    {"type":"Feature","properties":{"id":"CITY_HONG_KONG","name":"Hong Kong","kind":"city","country":"Hong Kong, China","iso3":"HKG","rank":17},"geometry":{"type":"Point","coordinates":[114.1694,22.3193]}},
    {"type":"Feature","properties":{"id":"CITY_TAIPEI","name":"Taipei","kind":"city","country":"Taiwan","iso3":"TWN","rank":18},"geometry":{"type":"Point","coordinates":[121.5654,25.033]}},
    {"type":"Feature","properties":{"id":"CITY_RIYADH","name":"Riyadh","kind":"city","country":"Saudi Arabia","iso3":"SAU","rank":19},"geometry":{"type":"Point","coordinates":[46.6753,24.7136]}},
    {"type":"Feature","properties":{"id":"CITY_JEDDAH","name":"Jeddah","kind":"city","country":"Saudi Arabia","iso3":"SAU","rank":20},"geometry":{"type":"Point","coordinates":[39.1979,21.4858]}},
    {"type":"Feature","properties":{"id":"CITY_TEHRAN","name":"Tehran","kind":"city","country":"Iran","iso3":"IRN","rank":21},"geometry":{"type":"Point","coordinates":[51.389,35.6892]}},
    {"type":"Feature","properties":{"id":"CITY_BAGHDAD","name":"Baghdad","kind":"city","country":"Iraq","iso3":"IRQ","rank":22},"geometry":{"type":"Point","coordinates":[44.3661,33.3152]}},
    {"type":"Feature","properties":{"id":"CITY_DUBAI","name":"Dubai","kind":"city","country":"United Arab Emirates","iso3":"ARE","rank":23},"geometry":{"type":"Point","coordinates":[55.2708,25.2048]}},
    {"type":"Feature","properties":{"id":"CITY_DOHA","name":"Doha","kind":"city","country":"Qatar","iso3":"QAT","rank":24},"geometry":{"type":"Point","coordinates":[51.531,25.2854]}},
    {"type":"Feature","properties":{"id":"CITY_ISLAMABAD","name":"Islamabad","kind":"city","country":"Pakistan","iso3":"PAK","rank":25},"geometry":{"type":"Point","coordinates":[73.0479,33.6844]}},

    {"type":"Feature","properties":{"id":"CITY_LONDON","name":"London","kind":"city","country":"United Kingdom","iso3":"GBR","rank":26},"geometry":{"type":"Point","coordinates":[-0.1278,51.5074]}},
    {"type":"Feature","properties":{"id":"CITY_PARIS","name":"Paris","kind":"city","country":"France","iso3":"FRA","rank":27},"geometry":{"type":"Point","coordinates":[2.3522,48.8566]}},
    {"type":"Feature","properties":{"id":"CITY_BERLIN","name":"Berlin","kind":"city","country":"Germany","iso3":"DEU","rank":28},"geometry":{"type":"Point","coordinates":[13.405,52.52]}},
    {"type":"Feature","properties":{"id":"CITY_MADRID","name":"Madrid","kind":"city","country":"Spain","iso3":"ESP","rank":29},"geometry":{"type":"Point","coordinates":[-3.7038,40.4168]}},
    {"type":"Feature","properties":{"id":"CITY_BARCELONA","name":"Barcelona","kind":"city","country":"Spain","iso3":"ESP","rank":30},"geometry":{"type":"Point","coordinates":[2.1734,41.3851]}},
    {"type":"Feature","properties":{"id":"CITY_ROME","name":"Rome","kind":"city","country":"Italy","iso3":"ITA","rank":31},"geometry":{"type":"Point","coordinates":[12.4964,41.9028]}},
    {"type":"Feature","properties":{"id":"CITY_MILAN","name":"Milan","kind":"city","country":"Italy","iso3":"ITA","rank":32},"geometry":{"type":"Point","coordinates":[9.19,45.4642]}},
    {"type":"Feature","properties":{"id":"CITY_WARSAW","name":"Warsaw","kind":"city","country":"Poland","iso3":"POL","rank":33},"geometry":{"type":"Point","coordinates":[21.0122,52.2297]}},
    {"type":"Feature","properties":{"id":"CITY_KRAKOW","name":"Kraków","kind":"city","country":"Poland","iso3":"POL","rank":34},"geometry":{"type":"Point","coordinates":[19.9445,50.0614]}},
    {"type":"Feature","properties":{"id":"CITY_PRAGUE","name":"Prague","kind":"city","country":"Czechia","iso3":"CZE","rank":35},"geometry":{"type":"Point","coordinates":[14.4378,50.0755]}},
    {"type":"Feature","properties":{"id":"CITY_BUDAPEST","name":"Budapest","kind":"city","country":"Hungary","iso3":"HUN","rank":36},"geometry":{"type":"Point","coordinates":[19.0402,47.4979]}},
    {"type":"Feature","properties":{"id":"CITY_VIENNA","name":"Vienna","kind":"city","country":"Austria","iso3":"AUT","rank":37},"geometry":{"type":"Point","coordinates":[16.3738,48.2082]}},
    {"type":"Feature","properties":{"id":"CITY_AMSTERDAM","name":"Amsterdam","kind":"city","country":"Netherlands","iso3":"NLD","rank":38},"geometry":{"type":"Point","coordinates":[4.9041,52.3676]}},
    {"type":"Feature","properties":{"id":"CITY_BRUSSELS","name":"Brussels","kind":"city","country":"Belgium","iso3":"BEL","rank":39},"geometry":{"type":"Point","coordinates":[4.3517,50.8503]}},
    {"type":"Feature","properties":{"id":"CITY_COPENHAGEN","name":"Copenhagen","kind":"city","country":"Denmark","iso3":"DNK","rank":40},"geometry":{"type":"Point","coordinates":[12.5683,55.6761]}},
    {"type":"Feature","properties":{"id":"CITY_OSLO","name":"Oslo","kind":"city","country":"Norway","iso3":"NOR","rank":41},"geometry":{"type":"Point","coordinates":[10.7522,59.9139]}},
    {"type":"Feature","properties":{"id":"CITY_STOCKHOLM","name":"Stockholm","kind":"city","country":"Sweden","iso3":"SWE","rank":42},"geometry":{"type":"Point","coordinates":[18.0686,59.3293]}},
    {"type":"Feature","properties":{"id":"CITY_HELSINKI","name":"Helsinki","kind":"city","country":"Finland","iso3":"FIN","rank":43},"geometry":{"type":"Point","coordinates":[24.9384,60.1699]}},
    {"type":"Feature","properties":{"id":"CITY_MOSCOW","name":"Moscow","kind":"city","country":"Russian Federation","iso3":"RUS","rank":44},"geometry":{"type":"Point","coordinates":[37.6173,55.7558]}},
    {"type":"Feature","properties":{"id":"CITY_ST_PETERSBURG","name":"Saint Petersburg","kind":"city","country":"Russian Federation","iso3":"RUS","rank":45},"geometry":{"type":"Point","coordinates":[30.3351,59.9343]}},

    {"type":"Feature","properties":{"id":"CITY_NEW_YORK","name":"New York City","kind":"city","country":"United States","iso3":"USA","rank":46},"geometry":{"type":"Point","coordinates":[-74.006,40.7128]}},
    {"type":"Feature","properties":{"id":"CITY_LOS_ANGELES","name":"Los Angeles","kind":"city","country":"United States","iso3":"USA","rank":47},"geometry":{"type":"Point","coordinates":[-118.2437,34.0522]}},
    {"type":"Feature","properties":{"id":"CITY_CHICAGO","name":"Chicago","kind":"city","country":"United States","iso3":"USA","rank":48},"geometry":{"type":"Point","coordinates":[-87.6298,41.8781]}},
    {"type":"Feature","properties":{"id":"CITY_HOUSTON","name":"Houston","kind":"city","country":"United States","iso3":"USA","rank":49},"geometry":{"type":"Point","coordinates":[-95.3698,29.7604]}},
    {"type":"Feature","properties":{"id":"CITY_MIAMI","name":"Miami","kind":"city","country":"United States","iso3":"USA","rank":50},"geometry":{"type":"Point","coordinates":[-80.1918,25.7617]}},
    {"type":"Feature","properties":{"id":"CITY_DALLAS","name":"Dallas","kind":"city","country":"United States","iso3":"USA","rank":51},"geometry":{"type":"Point","coordinates":[-96.7969,32.7767]}},
    {"type":"Feature","properties":{"id":"CITY_ATLANTA","name":"Atlanta","kind":"city","country":"United States","iso3":"USA","rank":52},"geometry":{"type":"Point","coordinates":[-84.388,33.749]}},
    {"type":"Feature","properties":{"id":"CITY_TORONTO","name":"Toronto","kind":"city","country":"Canada","iso3":"CAN","rank":53},"geometry":{"type":"Point","coordinates":[-79.3832,43.6532]}},
    {"type":"Feature","properties":{"id":"CITY_MONTREAL","name":"Montreal","kind":"city","country":"Canada","iso3":"CAN","rank":54},"geometry":{"type":"Point","coordinates":[-73.5673,45.5017]}},
    {"type":"Feature","properties":{"id":"CITY_VANCOUVER","name":"Vancouver","kind":"city","country":"Canada","iso3":"CAN","rank":55},"geometry":{"type":"Point","coordinates":[-123.1207,49.2827]}},
    {"type":"Feature","properties":{"id":"CITY_MEXICO_CITY","name":"Mexico City","kind":"city","country":"Mexico","iso3":"MEX","rank":56},"geometry":{"type":"Point","coordinates":[-99.1332,19.4326]}},
    {"type":"Feature","properties":{"id":"CITY_GUADALAJARA","name":"Guadalajara","kind":"city","country":"Mexico","iso3":"MEX","rank":57},"geometry":{"type":"Point","coordinates":[-103.3496,20.6597]}},
    {"type":"Feature","properties":{"id":"CITY_MONTERREY","name":"Monterrey","kind":"city","country":"Mexico","iso3":"MEX","rank":58},"geometry":{"type":"Point","coordinates":[-100.3161,25.6866]}},

    {"type":"Feature","properties":{"id":"CITY_SAO_PAULO","name":"São Paulo","kind":"city","country":"Brazil","iso3":"BRA","rank":59},"geometry":{"type":"Point","coordinates":[-46.6333,-23.5505]}},
    {"type":"Feature","properties":{"id":"CITY_RIO","name":"Rio de Janeiro","kind":"city","country":"Brazil","iso3":"BRA","rank":60},"geometry":{"type":"Point","coordinates":[-43.1729,-22.9068]}},
    {"type":"Feature","properties":{"id":"CITY_BUENOS_AIRES","name":"Buenos Aires","kind":"city","country":"Argentina","iso3":"ARG","rank":61},"geometry":{"type":"Point","coordinates":[-58.3816,-34.6037]}},
    {"type":"Feature","properties":{"id":"CITY_LIMA","name":"Lima","kind":"city","country":"Peru","iso3":"PER","rank":62},"geometry":{"type":"Point","coordinates":[-77.0428,-12.0464]}},
    {"type":"Feature","properties":{"id":"CITY_SANTIAGO","name":"Santiago","kind":"city","country":"Chile","iso3":"CHL","rank":63},"geometry":{"type":"Point","coordinates":[-70.6693,-33.4489]}},
    {"type":"Feature","properties":{"id":"CITY_BOGOTA","name":"Bogotá","kind":"city","country":"Colombia","iso3":"COL","rank":64},"geometry":{"type":"Point","coordinates":[-74.0721,4.711]}},
    {"type":"Feature","properties":{"id":"CITY_CARACAS","name":"Caracas","kind":"city","country":"Venezuela","iso3":"VEN","rank":65},"geometry":{"type":"Point","coordinates":[-66.9036,10.4806]}},
    {"type":"Feature","properties":{"id":"CITY_MONTEVIDEO","name":"Montevideo","kind":"city","country":"Uruguay","iso3":"URY","rank":66},"geometry":{"type":"Point","coordinates":[-56.1645,-34.9011]}},

    {"type":"Feature","properties":{"id":"CITY_LAGOS","name":"Lagos","kind":"city","country":"Nigeria","iso3":"NGA","rank":67},"geometry":{"type":"Point","coordinates":[3.3792,6.5244]}},
    {"type":"Feature","properties":{"id":"CITY_KINSHASA","name":"Kinshasa","kind":"city","country":"Congo, Dem. Rep.","iso3":"COD","rank":68},"geometry":{"type":"Point","coordinates":[15.2663,-4.4419]}},
    {"type":"Feature","properties":{"id":"CITY_CAIRO","name":"Cairo","kind":"city","country":"Egypt","iso3":"EGY","rank":69},"geometry":{"type":"Point","coordinates":[31.2357,30.0444]}},
    {"type":"Feature","properties":{"id":"CITY_ALEXANDRIA","name":"Alexandria","kind":"city","country":"Egypt","iso3":"EGY","rank":70},"geometry":{"type":"Point","coordinates":[29.9187,31.2001]}},
    {"type":"Feature","properties":{"id":"CITY_NAIROBI","name":"Nairobi","kind":"city","country":"Kenya","iso3":"KEN","rank":71},"geometry":{"type":"Point","coordinates":[36.8219,-1.2921]}},
    {"type":"Feature","properties":{"id":"CITY_ADDIS","name":"Addis Ababa","kind":"city","country":"Ethiopia","iso3":"ETH","rank":72},"geometry":{"type":"Point","coordinates":[38.7578,8.9806]}},
    {"type":"Feature","properties":{"id":"CITY_JOHANNESBURG","name":"Johannesburg","kind":"city","country":"South Africa","iso3":"ZAF","rank":73},"geometry":{"type":"Point","coordinates":[28.0473,-26.2041]}},
    {"type":"Feature","properties":{"id":"CITY_CAPE_TOWN","name":"Cape Town","kind":"city","country":"South Africa","iso3":"ZAF","rank":74},"geometry":{"type":"Point","coordinates":[18.4241,-33.9249]}},
    {"type":"Feature","properties":{"id":"CITY_DAR_ES_SALAAM","name":"Dar es Salaam","kind":"city","country":"Tanzania","iso3":"TZA","rank":75},"geometry":{"type":"Point","coordinates":[39.2804,-6.7924]}},
    {"type":"Feature","properties":{"id":"CITY_ALGIERS","name":"Algiers","kind":"city","country":"Algeria","iso3":"DZA","rank":76},"geometry":{"type":"Point","coordinates":[3.0588,36.7538]}},
    {"type":"Feature","properties":{"id":"CITY_CASABLANCA","name":"Casablanca","kind":"city","country":"Morocco","iso3":"MAR","rank":77},"geometry":{"type":"Point","coordinates":[-7.5898,33.5731]}},
    {"type":"Feature","properties":{"id":"CITY_ACCRA","name":"Accra","kind":"city","country":"Ghana","iso3":"GHA","rank":78},"geometry":{"type":"Point","coordinates":[-0.1869,5.6037]}},
    {"type":"Feature","properties":{"id":"CITY_DAKAR","name":"Dakar","kind":"city","country":"Senegal","iso3":"SEN","rank":79},"geometry":{"type":"Point","coordinates":[-17.4677,14.7167]}},

    {"type":"Feature","properties":{"id":"CITY_SYDNEY","name":"Sydney","kind":"city","country":"Australia","iso3":"AUS","rank":80},"geometry":{"type":"Point","coordinates":[151.2093,-33.8688]}},
    {"type":"Feature","properties":{"id":"CITY_MELBOURNE","name":"Melbourne","kind":"city","country":"Australia","iso3":"AUS","rank":81},"geometry":{"type":"Point","coordinates":[144.9631,-37.8136]}},
    {"type":"Feature","properties":{"id":"CITY_BRISBANE","name":"Brisbane","kind":"city","country":"Australia","iso3":"AUS","rank":82},"geometry":{"type":"Point","coordinates":[153.0251,-27.4698]}},
    {"type":"Feature","properties":{"id":"CITY_PERTH","name":"Perth","kind":"city","country":"Australia","iso3":"AUS","rank":83},"geometry":{"type":"Point","coordinates":[115.8605,-31.9505]}},
    {"type":"Feature","properties":{"id":"CITY_AUCKLAND","name":"Auckland","kind":"city","country":"New Zealand","iso3":"NZL","rank":84},"geometry":{"type":"Point","coordinates":[174.7633,-36.8485]}},
    {"type":"Feature","properties":{"id":"CITY_WELLINGTON","name":"Wellington","kind":"city","country":"New Zealand","iso3":"NZL","rank":85},"geometry":{"type":"Point","coordinates":[174.7762,-41.2865]}}
  ]
}
